Workbook

Sheet Ann.
A1: Auto 5Y BP
E2: 2025 | F2: 2026 | G2: 2027 | H2: 2028 | I2: 2029 | J2: 2030
A4: Cars financed | B4: New | C4: Auto loan | D4: k# | E4: 10.121323 | F4: 11.334451 | G4: 11.827846 | H4: 12.008141 | I4: 12.191568 | J4: 12.6897
A5: Cars financed | B5: Used | C5: Auto loan | D5: k# | E5: 3.1966259 | F5: 6.3483151 | G5: 6.7128304 | H5: 9.1555174 | I5: 9.6804039 | J5: 10.87049
A6: Cars financed | B6: Used | C6: Cash loan | D6: k# | E6: 7.3055584 | F6: 7.6191151 | G6: 8.2298867 | H6: 8.8440396 | I6: 9.4618054 | J6: 9.8536909
A7: Cars financed | B7: Total | C7: Total | D7: k# | E7: =SUM(E4:E6) -> 20.623507 | F7: =SUM(F4:F6) -> 25.301882 | G7: =SUM(G4:G6) -> 26.770563 | H7: =SUM(H4:H6) -> 30.007698 | I7: =SUM(I4:I6) -> 31.333778 | J7: =SUM(J4:J6) -> 33.41388
A8: Loan disbursements | B8: New | C8: Auto loan | D8: €m | E8: 155.83831 | F8: 179.01846 | G8: 191.50564 | H8: 199.18696 | I8: 207.06242 | J8: 225
A9: Loan disbursements | B9: Used | C9: Auto loan | D9: €m | E9: 31.13316 | F9: 63.43246 | G9: 68.73251 | H9: 96.060723 | I9: 103.97993 | J9: 120
A10: Loan disbursements | B10: Used | C10: Cash loan | D10: €m | E10: 37.5 | F10: 40.123447 | G10: 44.43508 | H10: 48.927981 | I10: 53.60481 | J10: 55
A11: Loan disbursements | B11: Total | C11: Total | D11: €m | E11: =SUM(E8:E10) -> 224.47147 | F11: =SUM(F8:F10) -> 282.57436 | G11: =SUM(G8:G10) -> 304.67323 | H11: =SUM(H8:H10) -> 344.17567 | I11: =SUM(I8:I10) -> 364.64715 | J11: =SUM(J8:J10) -> 400
A13: Avg. loan amount | B13: New | C13: Auto loan | D13: €k | E13: =+E8/E4 -> 15.397029 | F13: =+F8/F4 -> 15.794188 | G13: =+G8/G4 -> 16.191083 | H13: =+H8/H4 -> 16.587661 | I13: =+I8/I4 -> 16.984067 | J13: =+J8/J4 -> 17.730916
A14: Avg. loan amount | B14: Used | C14: Auto loan | D14: €k | E14: =+E9/E5 -> 9.7393816 | F14: =+F9/F5 -> 9.9920149 | G14: =+G9/G5 -> 10.238976 | H14: =+H9/H5 -> 10.492113 | I14: =+I9/I5 -> 10.74128 | J14: =+J9/J5 -> 11.039061
A15: Avg. loan amount | B15: Used | C15: Cash loan | D15: €k | E15: =+E10/E6 -> 5.1330778 | F15: =+F10/F6 -> 5.2661557 | G15: =+G10/G6 -> 5.3992335 | H15: =+H10/H6 -> 5.5323114 | I15: =+I10/I6 -> 5.6653892 | J15: =+J10/J6 -> 5.5816649
A17: Potfolio Composition
B18: =+B13 -> New | C18: =+C13 -> Auto loan | D18: % | E18: =+E8/E11 -> 0.69424551 | F18: =+F8/F11 -> 0.63352689 | G18: =+G8/G11 -> 0.62856077 | H18: =+H8/H11 -> 0.57873633 | I18: =+I8/I11 -> 0.56784323 | J18: =+J8/J11 -> 0.5625
B19: =+B14 -> Used | C19: =+C14 -> Auto loan | D19: % | E19: =+E9/E11 -> 0.1386954 | F19: =+F9/F11 -> 0.22448059 | G19: =+G9/G11 -> 0.22559419 | H19: =+H9/H11 -> 0.27910376 | I19: =+I9/I11 -> 0.28515217 | J19: =+J9/J11 -> 0.3
B20: =+B15 -> Used | C20: =+C15 -> Cash loan | D20: % | E20: =+E10/E11 -> 0.1670591 | F20: =+F10/F11 -> 0.14199252 | G20: =+G10/G11 -> 0.14584504 | H20: =+H10/H11 -> 0.14215991 | I20: =+I10/I11 -> 0.1470046 | J20: =+J10/J11 -> 0.1375
A23: Weighted Avg. Spreads | D23: % | E23: =+E18*A24+E19*A25+E20*A26 -> 0.068246175 | F23: =+F18*$A$24+F19*$A$25+F20*$A$26 -> 0.070491367 | G23: =+G18*$A$24+G19*$A$25+G20*$A$26 -> 0.070639583 | H23: =+H18*$A$24+H19*$A$25+H20*$A$26 -> 0.072380637 | I23: =+I18*$A$24+I19*$A$25+I20*$A$26 -> 0.072727381 | J23: =+J18*$A$24+J19*$A$25+J20*$A$26 -> 0.07296875
A24: 0.0587 | B24: =+B18 -> New | C24: =+C18 -> Auto loan | D24: =+D18 -> %
A25: 0.0932 | B25: =+B19 -> Used | C25: =+C19 -> Auto loan | D25: =+D19 -> %
A26: 0.0872 | B26: =+B20 -> Used | C26: =+C20 -> Cash loan | D26: =+D20 -> %

Sheet mos
A1: =+Ann.!A1 -> Auto 5Y BP
E2: 45658 | F2: 45689 | G2: 45717 | H2: 45748 | I2: 45778 | J2: 45809 | K2: 45839 | L2: 45870 | M2: 45901 | N2: 45931 | O2: 45962 | P2: 45992 | Q2: 46023 | R2: 46054 | S2: 46082 | T2: 46113 | U2: 46143 | V2: 46174 | W2: 46204 | X2: 46235 | Y2: 46266 | Z2: 46296 | AA2: 46327 | AB2: 46357 | AC2: 46388 | AD2: 46419 | AE2: 46447 | AF2: 46478 | AG2: 46508 | AH2: 46539 | AI2: 46569 | AJ2: 46600 | AK2: 46631 | AL2: 46661 | AM2: 46692 | AN2: 46722 | AO2: 46753 | AP2: 46784 | AQ2: 46813 | AR2: 46844 | AS2: 46874 | AT2: 46905 | AU2: 46935 | AV2: 46966 | AW2: 46997 | AX2: 47027 | AY2: 47058 | AZ2: 47088 | BA2: 47119 | BB2: 47150 | BC2: 47178 | BD2: 47209 | BE2: 47239 | BF2: 47270 | BG2: 47300 | BH2: 47331 | BI2: 47362 | BJ2: 47392 | BK2: 47423 | BL2: 47453 | BM2: 47484 | BN2: 47515 | BO2: 47543 | BP2: 47574 | BQ2: 47604 | BR2: 47635 | BS2: 47665 | BT2: 47696 | BU2: 47727 | BV2: 47757 | BW2: 47788 | BX2: 47818
A4: Seasonality | E4: 0.088016092 | F4: 0.097187161 | G4: 0.075897826 | H4: 0.090050694 | I4: 0.08325136 | J4: 0.093725539 | K4: 0.10137778 | L4: 0.071547306 | M4: 0.084158928 | N4: 0.074099788 | O4: 0.069900236 | P4: 0.070787292 | Q4: 0.088016092 | R4: 0.097187161 | S4: 0.075897826 | T4: 0.090050694 | U4: 0.08325136 | V4: 0.093725539 | W4: 0.10137778 | X4: 0.071547306 | Y4: 0.084158928 | Z4: 0.074099788 | AA4: 0.069900236 | AB4: 0.070787292 | AC4: 0.088016092 | AD4: 0.097187161 | AE4: 0.075897826 | AF4: 0.090050694 | AG4: 0.08325136 | AH4: 0.093725539 | AI4: 0.10137778 | AJ4: 0.071547306 | AK4: 0.084158928 | AL4: 0.074099788 | AM4: 0.069900236 | AN4: 0.070787292 | AO4: 0.088016092 | AP4: 0.097187161 | AQ4: 0.075897826 | AR4: 0.090050694 | AS4: 0.08325136 | AT4: 0.093725539 | AU4: 0.10137778 | AV4: 0.071547306 | AW4: 0.084158928 | AX4: 0.074099788 | AY4: 0.069900236 | AZ4: 0.070787292 | BA4: 0.088016092 | BB4: 0.097187161 | BC4: 0.075897826 | BD4: 0.090050694 | BE4: 0.08325136 | BF4: 0.093725539 | BG4: 0.10137778 | BH4: 0.071547306 | BI4: 0.084158928 | BJ4: 0.074099788 | BK4: 0.069900236 | BL4: 0.070787292 | BM4: 0.088016092 | BN4: 0.097187161 | BO4: 0.075897826 | BP4: 0.090050694 | BQ4: 0.08325136 | BR4: 0.093725539 | BS4: 0.10137778 | BT4: 0.071547306 | BU4: 0.084158928 | BV4: 0.074099788 | BW4: 0.069900236 | BX4: 0.070787292
A6: =+Ann.!A8 -> Loan disbursements | B6: =+Ann.!B8 -> New | C6: =+Ann.!C8 -> Auto loan | D6: =+Ann.!D8 -> €m | E6: =+Ann.!$E$8*mos!E4 -> 13.716279 | F6: =+Ann.!$E$8*mos!F4 -> 15.145483 | G6: =+Ann.!$E$8*mos!G4 -> 11.827789 | H6: =+Ann.!$E$8*mos!H4 -> 14.033348 | I6: =+Ann.!$E$8*mos!I4 -> 12.973751 | J6: =+Ann.!$E$8*mos!J4 -> 14.606029 | K6: =+Ann.!$E$8*mos!K4 -> 15.798542 | L6: =+Ann.!$E$8*mos!L4 -> 11.149811 | ... P6: =+Ann.!$E$8*mos!P4 -> 11.031372 | Q6: =+Ann.!$F$8*mos!Q4 -> 15.756505 | R6: =+Ann.!$F$8*mos!R4 -> 17.398295 | S6: =+Ann.!$F$8*mos!S4 -> 13.587112 | T6: =+Ann.!$F$8*mos!T4 -> 16.120736 | U6: =+Ann.!$F$8*mos!U4 -> 14.90353 | V6: =+Ann.!$F$8*mos!V4 -> 16.778601 | W6: =+Ann.!$F$8*mos!W4 -> 18.148494 | X6: =+Ann.!$F$8*mos!X4 -> 12.808288 | ... AB6: =+Ann.!$F$8*mos!AB4 -> 12.672232 | AC6: =+Ann.!$G$8*mos!AC4 -> 16.855578 | AD6: =+Ann.!$G$8*mos!AD4 -> 18.611889 | AE6: =+Ann.!$G$8*mos!AE4 -> 14.534862 | AF6: =+Ann.!$G$8*mos!AF4 -> 17.245216 | AG6: =+Ann.!$G$8*mos!AG4 -> 15.943105 | AH6: =+Ann.!$G$8*mos!AH4 -> 17.948969 | AI6: =+Ann.!$G$8*mos!AI4 -> 19.414417 | AJ6: =+Ann.!$G$8*mos!AJ4 -> 13.701713 | ... AN6: =+Ann.!$G$8*mos!AN4 -> 13.556166 | AO6: =+Ann.!$H$8*mos!AO4 -> 17.531658 | AP6: =+Ann.!$H$8*mos!AP4 -> 19.358415 | AQ6: =+Ann.!$H$8*mos!AQ4 -> 15.117857 | AR6: =+Ann.!$H$8*mos!AR4 -> 17.936924 | AS6: =+Ann.!$H$8*mos!AS4 -> 16.582585 | AT6: =+Ann.!$H$8*mos!AT4 -> 18.668905 | AU6: =+Ann.!$H$8*mos!AU4 -> 20.193132 | AV6: =+Ann.!$H$8*mos!AV4 -> 14.25129 | ... AZ6: =+Ann.!$H$8*mos!AZ4 -> 14.099906 | BA6: =+Ann.!$I$8*mos!BA4 -> 18.224825 | BB6: =+Ann.!$I$8*mos!BB4 -> 20.123808 | BC6: =+Ann.!$I$8*mos!BC4 -> 15.715587 | BD6: =+Ann.!$I$8*mos!BD4 -> 18.646114 | BE6: =+Ann.!$I$8*mos!BE4 -> 17.238228 | BF6: =+Ann.!$I$8*mos!BF4 -> 19.407036 | BG6: =+Ann.!$I$8*mos!BG4 -> 20.991528 | BH6: =+Ann.!$I$8*mos!BH4 -> 14.814758 | ... BL6: =+Ann.!$I$8*mos!BL4 -> 14.657388 | BM6: =+Ann.!$J$8*mos!BM4 -> 19.803621 | BN6: =+Ann.!$J$8*mos!BN4 -> 21.867111 | BO6: =+Ann.!$J$8*mos!BO4 -> 17.077011 | BP6: =+Ann.!$J$8*mos!BP4 -> 20.261406 | BQ6: =+Ann.!$J$8*mos!BQ4 -> 18.731556 | BR6: =+Ann.!$J$8*mos!BR4 -> 21.088246 | BS6: =+Ann.!$J$8*mos!BS4 -> 22.810001 | BT6: =+Ann.!$J$8*mos!BT4 -> 16.098144 | ... BX6: =+Ann.!$J$8*mos!BX4 -> 15.927141
A7: =+Ann.!A9 -> Loan disbursements | B7: =+Ann.!B9 -> Used | C7: =+Ann.!C9 -> Auto loan | D7: =+Ann.!D9 -> €m | E7: =+Ann.!$E$9*mos!E4 -> 2.740219 | F7: =+Ann.!$E$9*mos!F4 -> 3.0257434 | G7: =+Ann.!$E$9*mos!G4 -> 2.3629391 | H7: =+Ann.!$E$9*mos!H4 -> 2.8035626 | I7: =+Ann.!$E$9*mos!I4 -> 2.5918779 | J7: =+Ann.!$E$9*mos!J4 -> 2.9179722 | K7: =+Ann.!$E$9*mos!K4 -> 3.1562106 | L7: =+Ann.!$E$9*mos!L4 -> 2.2274937 | ... P7: =+Ann.!$E$9*mos!P4 -> 2.2038321 | Q7: =+Ann.!$F$9*mos!Q4 -> 5.5830772 | R7: =+Ann.!$F$9*mos!R4 -> 6.1648206 | S7: =+Ann.!$F$9*mos!S4 -> 4.8143858 | T7: =+Ann.!$F$9*mos!T4 -> 5.712137 | U7: =+Ann.!$F$9*mos!U4 -> 5.2808385 | V7: =+Ann.!$F$9*mos!V4 -> 5.9452415 | W7: =+Ann.!$F$9*mos!W4 -> 6.4306419 | X7: =+Ann.!$F$9*mos!X4 -> 4.5384216 | ... AB7: =+Ann.!$F$9*mos!AB4 -> 4.490212 | AC7: =+Ann.!$G$9*mos!AC4 -> 6.0495669 | AD7: =+Ann.!$G$9*mos!AD4 -> 6.6799174 | AE7: =+Ann.!$G$9*mos!AE4 -> 5.216648 | AF7: =+Ann.!$G$9*mos!AF4 -> 6.1894102 | AG7: =+Ann.!$G$9*mos!AG4 -> 5.7220749 | AH7: =+Ann.!$G$9*mos!AH4 -> 6.4419915 | AI7: =+Ann.!$G$9*mos!AI4 -> 6.9679492 | AJ7: =+Ann.!$G$9*mos!AJ4 -> 4.9176259 | ... AN7: =+Ann.!$G$9*mos!AN4 -> 4.8653882 | AO7: =+Ann.!$H$9*mos!AO4 -> 8.4548894 | AP7: =+Ann.!$H$9*mos!AP4 -> 9.3358689 | AQ7: =+Ann.!$H$9*mos!AQ4 -> 7.2908 | AR7: =+Ann.!$H$9*mos!AR4 -> 8.6503348 | AS7: =+Ann.!$H$9*mos!AS4 -> 7.9971858 | AT7: =+Ann.!$H$9*mos!AT4 -> 9.003343 | AU7: =+Ann.!$H$9*mos!AU4 -> 9.7384229 | AV7: =+Ann.!$H$9*mos!AV4 -> 6.872886 | ... AZ7: =+Ann.!$H$9*mos!AZ4 -> 6.7998785 | BA7: =+Ann.!$I$9*mos!BA4 -> 9.1519068 | BB7: =+Ann.!$I$9*mos!BB4 -> 10.105514 | BC7: =+Ann.!$I$9*mos!BC4 -> 7.8918504 | BD7: =+Ann.!$I$9*mos!BD4 -> 9.3634645 | BE7: =+Ann.!$I$9*mos!BE4 -> 8.6564703 | BF7: =+Ann.!$I$9*mos!BF4 -> 9.7455747 | BG7: =+Ann.!$I$9*mos!BG4 -> 10.541254 | BH7: =+Ann.!$I$9*mos!BH4 -> 7.4394836 | ... BL7: =+Ann.!$I$9*mos!BL4 -> 7.3604574 | BM7: =+Ann.!$J$9*mos!BM4 -> 10.561931 | BN7: =+Ann.!$J$9*mos!BN4 -> 11.662459 | BO7: =+Ann.!$J$9*mos!BO4 -> 9.1077391 | BP7: =+Ann.!$J$9*mos!BP4 -> 10.806083 | BQ7: =+Ann.!$J$9*mos!BQ4 -> 9.9901632 | BR7: =+Ann.!$J$9*mos!BR4 -> 11.247065 | BS7: =+Ann.!$J$9*mos!BS4 -> 12.165334 | BT7: =+Ann.!$J$9*mos!BT4 -> 8.5856767 | ... BX7: =+Ann.!$J$9*mos!BX4 -> 8.494475
A8: =+Ann.!A10 -> Loan disbursements | B8: =+Ann.!B10 -> Used | C8: =+Ann.!C10 -> Cash loan | D8: =+Ann.!D10 -> €m | E8: =+Ann.!$E$10*mos!E4 -> 3.3006034 | F8: =+Ann.!$E$10*mos!F4 -> 3.6445185 | G8: =+Ann.!$E$10*mos!G4 -> 2.8461685 | H8: =+Ann.!$E$10*mos!H4 -> 3.376901 | I8: =+Ann.!$E$10*mos!I4 -> 3.121926 | J8: =+Ann.!$E$10*mos!J4 -> 3.5147077 | K8: =+Ann.!$E$10*mos!K4 -> 3.8016668 | L8: =+Ann.!$E$10*mos!L4 -> 2.683024 | ... P8: =+Ann.!$E$10*mos!P4 -> 2.6545234 | Q8: =+Ann.!$F$10*mos!Q4 -> 3.531509 | R8: =+Ann.!$F$10*mos!R4 -> 3.8994838 | S8: =+Ann.!$F$10*mos!S4 -> 3.0452824 | T8: =+Ann.!$F$10*mos!T4 -> 3.6131442 | U8: =+Ann.!$F$10*mos!U4 -> 3.3403315 | V8: =+Ann.!$F$10*mos!V4 -> 3.7605917 | W8: =+Ann.!$F$10*mos!W4 -> 4.0676259 | X8: =+Ann.!$F$10*mos!X4 -> 2.8707245 | ... AB8: =+Ann.!$F$10*mos!AB4 -> 2.8402301 | AC8: =+Ann.!$G$10*mos!AC4 -> 3.9110021 | AD8: =+Ann.!$G$10*mos!AD4 -> 4.3185193 | AE8: =+Ann.!$G$10*mos!AE4 -> 3.372526 | AF8: =+Ann.!$G$10*mos!AF4 -> 4.0014098 | AG8: =+Ann.!$G$10*mos!AG4 -> 3.6992809 | AH8: =+Ann.!$G$10*mos!AH4 -> 4.1647019 | AI8: =+Ann.!$G$10*mos!AI4 -> 4.5047298 | AJ8: =+Ann.!$G$10*mos!AJ4 -> 3.1792103 | ... AN8: =+Ann.!$G$10*mos!AN4 -> 3.145439 | AO8: =+Ann.!$H$10*mos!AO4 -> 4.3064497 | AP8: =+Ann.!$H$10*mos!AP4 -> 4.7551716 | AQ8: =+Ann.!$H$10*mos!AQ4 -> 3.7135274 | AR8: =+Ann.!$H$10*mos!AR4 -> 4.4059986 | AS8: =+Ann.!$H$10*mos!AS4 -> 4.073321 | AT8: =+Ann.!$H$10*mos!AT4 -> 4.5858014 | AU8: =+Ann.!$H$10*mos!AU4 -> 4.9602101 | AV8: =+Ann.!$H$10*mos!AV4 -> 3.5006652 | ... AZ8: =+Ann.!$H$10*mos!AZ4 -> 3.4634793 | BA8: =+Ann.!$I$10*mos!BA4 -> 4.7180859 | BB8: =+Ann.!$I$10*mos!BB4 -> 5.2096993 | BC8: =+Ann.!$I$10*mos!BC4 -> 4.0684886 | BD8: =+Ann.!$I$10*mos!BD4 -> 4.8271504 | BE8: =+Ann.!$I$10*mos!BE4 -> 4.4626734 | BF8: =+Ann.!$I$10*mos!BF4 -> 5.0241397 | BG8: =+Ann.!$I$10*mos!BG4 -> 5.4343367 | BH8: =+Ann.!$I$10*mos!BH4 -> 3.8352798 | ... BL8: =+Ann.!$I$10*mos!BL4 -> 3.7945394 | BM8: =+Ann.!$J$10*mos!BM4 -> 4.840885 | BN8: =+Ann.!$J$10*mos!BN4 -> 5.3452938 | BO8: =+Ann.!$J$10*mos!BO4 -> 4.1743804 | BP8: =+Ann.!$J$10*mos!BP4 -> 4.9527882 | BQ8: =+Ann.!$J$10*mos!BQ4 -> 4.5788248 | BR8: =+Ann.!$J$10*mos!BR4 -> 5.1549046 | BS8: =+Ann.!$J$10*mos!BS4 -> 5.5757779 | BT8: =+Ann.!$J$10*mos!BT4 -> 3.9351018 | ... BX8: =+Ann.!$J$10*mos!BX4 -> 3.8933011
A9: Loan disbursements | B9: Total | C9: Total | D9: €m | E9: =SUM(E6:E8) -> 19.757101 | F9: =SUM(F6:F8) -> 21.815744 | G9: =SUM(G6:G8) -> 17.036896 | H9: =SUM(H6:H8) -> 20.213811 | I9: =SUM(I6:I8) -> 18.687555 | J9: =SUM(J6:J8) -> 21.038709 | K9: =SUM(K6:K8) -> 22.756419 | L9: =SUM(L6:L8) -> 16.060329 | ... BX9: =SUM(BX6:BX8) -> 28.314917
P12: Loan disbursements | AB12: Loan disbursements | AN12: Loan disbursements | AZ12: Loan disbursements | BL12: Loan disbursements | BX12: Loan disbursements
O13: New | P13: =SUM(E6:P6) -> 155.83831 | Q13: =+P13/P15 -> 0.83348711 | AA13: New | AB13: =SUM(Q6:AB6) -> 179.01846 | AC13: =+AB13/AB15 -> 0.73836989 | AM13: New | AN13: =SUM(AC6:AN6) -> 191.50564 | AO13: =+AN13/AN15 -> 0.73588611 | AY13: New | AZ13: =SUM(AO6:AZ6) -> 199.18696 | BA13: =+AZ13/AZ15 -> 0.6746436 | BK13: New | BL13: =SUM(BA6:BL6) -> 207.06242 | BM13: =+BL13/BL15 -> 0.66570491 | BW13: =+B6 -> New | BX13: =SUM(BM6:BX6) -> 225 | BY13: =+BX13/BX15 -> 0.65217391
O14: Used | P14: =SUM(E7:P7) -> 31.13316 | Q14: =+P14/P15 -> 0.16651289 | AA14: Used | AB14: =SUM(Q7:AB7) -> 63.43246 | AC14: =+AB14/AB15 -> 0.26163011 | AM14: Used | AN14: =SUM(AC7:AN7) -> 68.73251 | AO14: =+AN14/AN15 -> 0.26411389 | AY14: Used | AZ14: =SUM(AO7:AZ7) -> 96.060723 | BA14: =+AZ14/AZ15 -> 0.3253564 | BK14: Used | BL14: =SUM(BA7:BL7) -> 103.97993 | BM14: =+BL14/BL15 -> 0.33429509 | BW14: =+B7 -> Used | BX14: =SUM(BM7:BX7) -> 120 | BY14: =+BX14/BX15 -> 0.34782609
P15: =SUM(P13:P14) -> 186.97147 | AB15: =SUM(AB13:AB14) -> 242.45091 | AN15: =SUM(AN13:AN14) -> 260.23815 | AZ15: =SUM(AZ13:AZ14) -> 295.24768 | BL15: =SUM(BL13:BL14) -> 311.04234 | BX15: =SUM(BX13:BX14) -> 345 | BY15: =SUM(E15:BX15) -> 1640.9506
BY16: =+BY19/BY15 -> 0.45451283
P17: =+P13*50% -> 77.919153 | Q17: 0.55 | AB17: =+AB13*50% -> 89.509228 | AC17: 0.6 | AN17: =+AN13*50% -> 95.75282 | AO17: 0.65 | AZ17: =+AZ13*50% -> 99.59348 | BA17: 0.7 | BL17: =+BL13*50% -> 103.53121 | BM17: 0.7 | BX17: =+BY17*BX13 -> 157.5 | BY17: 0.7
P18: =+Q18*P14 -> 1.556658 | Q18: 0.05 | AB18: =+AC18*AB14 -> 9.514869 | AC18: 0.15 | AN18: =+AO18*AN14 -> 13.746502 | AO18: 0.2 | AZ18: =+BA18*AZ14 -> 24.015181 | BA18: 0.25 | BL18: =+BM18*BL14 -> 31.193978 | BM18: 0.3 | BX18: =+BY18*BX14 -> 42 | BY18: 0.35
P19: =+P18+P17 -> 79.475811 | AB19: =+AB18+AB17 -> 99.024096 | AN19: =+AN18+AN17 -> 109.49932 | AZ19: =+AZ18+AZ17 -> 123.60866 | BL19: =+BL18+BL17 -> 134.72519 | BX19: =+BX18+BX17 -> 199.5 | BY19: =SUM(E19:BX19) -> 745.83308
